{"comment":"","charmap":{"A":[["À",1.0],["Â",1.0],["'A",1.0,0]],"a":[["à",1.0],["'a",1.0,0],["á",1.0,0],["'à",1.0,0],["'â",1.0,0],["â",1.0]],"c":[["'c",1.0,0],["ç",1.0]],"E":[["È",1.0],["Ê",1.0],["'É",1.0,0],["'E",1.0,0],["É",1.0],["Ë",1.0]],"p":[["'p",1.0,0]],"I":[["'I",1.0,0],["Î",1.0],["Ï",1.0]],"h":[["'h",1.0,0]],"C":[["Ç",1.0]],"O":[["Ô",1.0],["'O",1.0,0]],"n":[["'n",1.0,0]],"i":[["'î",1.0,0],["ï",1.0],["'i",1.0,0],["î",1.0]],"s":[["'s",1.0,0]],"U":[["'U",1.0,0],["Û",1.0],["Ü",1.0],["Ù",1.0]],"o":[["'o",1.0,0],["ô",1.0],["'ô",1.0,0]],"H":[["'H",1.0,0]],"y":[["'y",1.0,0]],"e":[["'e",1.0,0],["'ê",1.0,0],["'è",1.0,0],["é",1.0],["ë",1.0],["è",1.0],["ê",1.0],["'é",1.0,0]],"z":[["'z",1.0,0]],"u":[["û",1.0],["'u",1.0,0],["ü",1.0],["ù",1.0]]},"name":"French (France)","variant":["fr","FR"],"version":[0,3],"local_name":"français (France)"}
